source,region,variable,n,family,k_params,loglik,aic,bic,ks,aic_rank,ks_win,shippable,shipped_family,note
acn,occasional_consistent,arrival_hour,17245,truncnorm,2,-45755.34894683211,91514.69789366423,91530.20844871497,0.11153737918707751,3,False,True,truncnorm_mixture,
acn,occasional_consistent,arrival_hour,17245,truncnorm_mix2,5,-42532.7467644094,85075.4935288188,85114.26991644566,0.04471611665373543,1,False,True,truncnorm_mixture,shipped form (fitter gates it at KS margin 0.02)
acn,occasional_consistent,arrival_hour,17245,gmm2_free,5,-42603.28356136869,85216.56712273738,85255.34351036424,0.042870488248287875,2,False,False,truncnorm_mixture,"untruncated; mass outside [4,22]h = 0.0041"
acn,occasional_consistent,arrival_hour,17245,kde,,-42128.93008813152,,,0.031940149924401806,,True,False,truncnorm_mixture,scored only (4001-pt grid); no closed-form PPF
acn,occasional_consistent,dwell_hours,17313,weibull,2,-46252.86877452807,92509.73754905614,92525.25597494289,0.10002929416641593,1,False,True,weibull,
acn,occasional_consistent,dwell_hours,17313,lognorm,2,-47600.536648624795,95205.07329724959,95220.59172313634,0.13468355861442483,4,False,True,weibull,
acn,occasional_consistent,dwell_hours,17313,gamma,2,-46334.30649738827,92672.61299477654,92688.1314206633,0.11769754856102344,2,False,True,weibull,
acn,occasional_consistent,dwell_hours,17313,expon,1,-49702.24782660404,99406.49565320808,99414.25486615146,0.1645831448645761,5,False,True,weibull,
acn,occasional_consistent,dwell_hours,17313,weibull_mix2,5,-46786.56635115092,93583.13270230184,93621.92876701873,0.0979859504532462,3,True,True,weibull,shipped form (fitter gates it at KS margin 0.02)
acn,occasional_consistent,soc_arrival,17313,beta,2,8038.869834168774,-16073.739668337548,-16058.22124245079,0.032532041322506144,2,False,True,beta,
acn,occasional_consistent,soc_arrival,17313,truncnorm01,2,8278.484731847624,-16552.969463695248,-16537.45103780849,0.006954414847394514,1,True,True,beta,
acn,occasional_consistent,soc_arrival,17313,uniform01,0,0.0,0.0,0.0,0.3072781742002617,3,False,True,beta,null model
acn,rare_consistent,arrival_hour,4676,truncnorm,2,-13062.788634102033,26129.577268204066,26142.47766484925,0.0832851794707829,3,False,True,truncnorm_mixture,
acn,rare_consistent,arrival_hour,4676,truncnorm_mix2,5,-12581.89620850316,25173.79241700632,25206.04340861928,0.03961971120811125,1,False,True,truncnorm_mixture,shipped form (fitter gates it at KS margin 0.02)
acn,rare_consistent,arrival_hour,4676,gmm2_free,5,-12633.06641578814,25276.13283157628,25308.38382318924,0.031062231468515278,2,False,False,truncnorm_mixture,"untruncated; mass outside [4,22]h = 0.0108"
acn,rare_consistent,arrival_hour,4676,kde,,-12546.290385508268,,,0.024924871009224664,,True,False,truncnorm_mixture,scored only (4001-pt grid); no closed-form PPF
acn,rare_consistent,dwell_hours,4723,weibull,2,-12483.844042532899,24971.688085065798,24984.608484005592,0.06291707213450348,3,False,True,weibull,
acn,rare_consistent,dwell_hours,4723,lognorm,2,-12326.777186689644,24657.554373379287,24670.47477231908,0.08293979679045405,1,False,True,weibull,
acn,rare_consistent,dwell_hours,4723,gamma,2,-12393.457064197171,24790.914128394343,24803.834527334137,0.05292970217148463,2,True,True,weibull,
acn,rare_consistent,dwell_hours,4723,expon,1,-12593.599638747528,25189.199277495056,25195.659476964953,0.09078715990963024,4,False,True,weibull,
acn,rare_consistent,dwell_hours,4723,weibull_mix2,5,-12827.328347601862,25664.656695203725,25696.957692553206,0.10775199919176692,5,False,True,weibull,shipped form (fitter gates it at KS margin 0.02)
acn,rare_consistent,soc_arrival,4723,beta,2,2252.4935820587843,-4500.987164117569,-4488.066765177777,0.03471500868277261,2,False,True,beta,
acn,rare_consistent,soc_arrival,4723,truncnorm01,2,2308.8444980148747,-4613.688996029749,-4600.768597089957,0.008500952806130668,1,True,True,beta,
acn,rare_consistent,soc_arrival,4723,uniform01,0,0.0,0.0,0.0,0.308577927429423,3,False,True,beta,null model
acn,rare_inconsistent,dwell_hours,80,weibull,2,-231.864231479811,467.728462959622,472.49251622896975,0.23567210132849203,3,False,True,weibull_mixture,
acn,rare_inconsistent,dwell_hours,80,lognorm,2,-229.48294660093765,462.9658932018753,467.72994647122306,0.21945677653067813,2,False,True,weibull_mixture,
acn,rare_inconsistent,dwell_hours,80,gamma,2,-232.12680534417257,468.25361068834513,473.0176639576929,0.24235759378868058,4,False,True,weibull_mixture,
acn,rare_inconsistent,dwell_hours,80,expon,1,-234.54743343084354,471.0948668616871,473.47689349636096,0.30646819548858206,5,False,True,weibull_mixture,
acn,rare_inconsistent,dwell_hours,80,weibull_mix2,5,-183.76630683205332,377.53261366410663,389.442746837476,0.060620759636325516,1,True,True,weibull_mixture,shipped form (fitter gates it at KS margin 0.02)
acn,rare_inconsistent,soc_arrival,80,beta,2,41.517861609992096,-79.03572321998419,-74.27166995063644,0.0633472133968731,1,True,True,beta,
acn,rare_inconsistent,soc_arrival,80,truncnorm01,2,41.33195922476194,-78.66391844952388,-73.8998651801761,0.06986187926671847,2,False,True,beta,
acn,rare_inconsistent,soc_arrival,80,uniform01,0,0.0,0.0,0.0,0.32449103583623795,3,False,True,beta,null model
acn,regular_charger,arrival_hour,18504,truncnorm,2,-47449.33678178077,94902.67356356153,94918.32504796935,0.10387400066237036,3,False,True,truncnorm_mixture,
acn,regular_charger,arrival_hour,18504,truncnorm_mix2,5,-45186.135899534325,90382.27179906865,90421.4005100882,0.04219259368079309,1,False,True,truncnorm_mixture,shipped form (fitter gates it at KS margin 0.02)
acn,regular_charger,arrival_hour,18504,gmm2_free,5,-45305.91241064169,90621.82482128339,90660.95353230294,0.03891194348866722,2,False,False,truncnorm_mixture,"untruncated; mass outside [4,22]h = 0.0064"
acn,regular_charger,arrival_hour,18504,kde,,-44617.02559874286,,,0.022387800478143732,,True,False,truncnorm_mixture,scored only (4001-pt grid); no closed-form PPF
acn,regular_charger,dwell_hours,18724,weibull,2,-49641.79250567402,99287.58501134804,99303.26013415288,0.11518280136992043,1,False,True,weibull,
acn,regular_charger,dwell_hours,18724,lognorm,2,-51742.9952651647,103489.9905303294,103505.66565313425,0.15446415201785196,4,False,True,weibull,
acn,regular_charger,dwell_hours,18724,gamma,2,-50066.68384617865,100137.3676923573,100153.04281516213,0.1378247353733585,3,False,True,weibull,
acn,regular_charger,dwell_hours,18724,expon,1,-55099.71853258801,110201.43706517603,110209.27462657845,0.2013351295406422,5,False,True,weibull,
acn,regular_charger,dwell_hours,18724,weibull_mix2,5,-49959.76621354977,99929.53242709953,99968.72023411164,0.10192424842081849,2,True,True,weibull,shipped form (fitter gates it at KS margin 0.02)
acn,regular_charger,soc_arrival,18724,beta,2,9005.02806775711,-18006.05613551422,-17990.38101270938,0.03284857928643342,2,False,True,beta,
acn,regular_charger,soc_arrival,18724,truncnorm01,2,9212.660043906242,-18421.320087812484,-18405.644965007643,0.006544130664747447,1,True,True,beta,
acn,regular_charger,soc_arrival,18724,uniform01,0,0.0,0.0,0.0,0.3105284926623213,3,False,True,beta,null model
acn_caltech,occasional_consistent,arrival_hour,4609,truncnorm,2,-12625.668360782145,25255.33672156429,25268.20825394973,0.17041667304584202,3,False,True,truncnorm_mixture,
acn_caltech,occasional_consistent,arrival_hour,4609,truncnorm_mix2,5,-11012.587361889997,22035.174723779994,22067.353554743597,0.043832901770127,1,False,True,truncnorm_mixture,shipped form (fitter gates it at KS margin 0.02)
acn_caltech,occasional_consistent,arrival_hour,4609,gmm2_free,5,-11076.297601655204,22162.595203310408,22194.77403427401,0.03338657539315637,2,True,False,truncnorm_mixture,"untruncated; mass outside [4,22]h = 0.0136"
acn_caltech,occasional_consistent,arrival_hour,4609,kde,,-11011.250906442856,,,0.05519785755678796,,False,False,truncnorm_mixture,scored only (4001-pt grid); no closed-form PPF
acn_caltech,occasional_consistent,dwell_hours,4658,weibull,2,-12527.56653182059,25059.13306364118,25072.02574654207,0.09317779639020995,2,False,True,weibull,
acn_caltech,occasional_consistent,dwell_hours,4658,lognorm,2,-12743.59287968959,25491.18575937918,25504.078442280068,0.13613064471248315,4,False,True,weibull,
acn_caltech,occasional_consistent,dwell_hours,4658,gamma,2,-12515.038350301977,25034.076700603953,25046.969383504842,0.10929441674519047,1,False,True,weibull,
acn_caltech,occasional_consistent,dwell_hours,4658,expon,1,-13021.4342023093,26044.8684046186,26051.31474606904,0.13087317398778753,5,False,True,weibull,
acn_caltech,occasional_consistent,dwell_hours,4658,weibull_mix2,5,-12534.611883809122,25079.223767618245,25111.455474870465,0.08902604188143393,3,True,True,weibull,shipped form (fitter gates it at KS margin 0.02)
acn_caltech,occasional_consistent,soc_arrival,4658,beta,2,2231.506126315553,-4459.012252631106,-4446.119569730217,0.031799647034675915,2,False,True,beta,
acn_caltech,occasional_consistent,soc_arrival,4658,truncnorm01,2,2286.6204434452575,-4569.240886890515,-4556.348203989626,0.009215053689323738,1,True,True,beta,
acn_caltech,occasional_consistent,soc_arrival,4658,uniform01,0,0.0,0.0,0.0,0.30998161157525916,3,False,True,beta,null model
acn_caltech,rare_consistent,arrival_hour,2713,truncnorm,2,-7579.504595432636,15163.009190865272,15174.82081149059,0.09343766322534258,3,False,True,truncnorm_mixture,
acn_caltech,rare_consistent,arrival_hour,2713,truncnorm_mix2,5,-7271.750006662833,14553.500013325665,14583.02906488896,0.0540806054661096,1,False,True,truncnorm_mixture,shipped form (fitter gates it at KS margin 0.02)
acn_caltech,rare_consistent,arrival_hour,2713,gmm2_free,5,-7314.450945033132,14638.901890066263,14668.430941629558,0.04240776916457134,2,False,False,truncnorm_mixture,"untruncated; mass outside [4,22]h = 0.0155"
acn_caltech,rare_consistent,arrival_hour,2713,kde,,-7250.729000669018,,,0.027283212312540342,,True,False,truncnorm_mixture,scored only (4001-pt grid); no closed-form PPF
acn_caltech,rare_consistent,dwell_hours,2757,weibull,2,-6817.099024412252,13638.198048824504,13650.041845646552,0.11829613743470009,4,False,True,weibull_mixture,
acn_caltech,rare_consistent,dwell_hours,2757,lognorm,2,-6483.764348883828,12971.528697767655,12983.372494589703,0.07963149057284374,1,True,True,weibull_mixture,
acn_caltech,rare_consistent,dwell_hours,2757,gamma,2,-6812.804913032024,13629.609826064048,13641.453622886096,0.1260250346561403,3,False,True,weibull_mixture,
acn_caltech,rare_consistent,dwell_hours,2757,expon,1,-6820.533600252862,13643.067200505724,13648.989098916747,0.10866722803156202,5,False,True,weibull_mixture,
acn_caltech,rare_consistent,dwell_hours,2757,weibull_mix2,5,-6604.8215825225,13219.643165045,13249.252657100118,0.0834364775647144,2,False,True,weibull_mixture,shipped form (fitter gates it at KS margin 0.02)
acn_caltech,rare_consistent,soc_arrival,2757,beta,2,1298.8392022639125,-2593.678404527825,-2581.834607705777,0.0372082980096253,2,False,True,beta,
acn_caltech,rare_consistent,soc_arrival,2757,truncnorm01,2,1326.9100048211747,-2649.8200096423493,-2637.9762128203015,0.012035387903034184,1,True,True,beta,
acn_caltech,rare_consistent,soc_arrival,2757,uniform01,0,0.0,0.0,0.0,0.3031815329727795,3,False,True,beta,null model
acn_caltech,rare_inconsistent,dwell_hours,74,weibull,2,-216.54585832350145,437.0917166470029,441.69984683341124,0.23811424966204262,3,False,True,weibull_mixture,
acn_caltech,rare_inconsistent,dwell_hours,74,lognorm,2,-214.72537199225528,433.45074398451055,438.0588741709189,0.2198154009318739,2,False,True,weibull_mixture,
acn_caltech,rare_inconsistent,dwell_hours,74,gamma,2,-216.72031694927733,437.44063389855467,442.048764084963,0.2437396488452591,4,False,True,weibull_mixture,
acn_caltech,rare_inconsistent,dwell_hours,74,expon,1,-219.03727159417198,440.07454318834397,442.3786082815481,0.3087072278431482,5,False,True,weibull_mixture,
acn_caltech,rare_inconsistent,dwell_hours,74,weibull_mix2,5,-170.36048184371404,350.7209636874281,362.2412891534489,0.06968246204150386,1,True,True,weibull_mixture,shipped form (fitter gates it at KS margin 0.02)
acn_caltech,rare_inconsistent,soc_arrival,74,beta,2,39.75243738490604,-75.50487476981208,-70.89674458340373,0.0666862154021351,1,True,True,beta,
acn_caltech,rare_inconsistent,soc_arrival,74,truncnorm01,2,39.74211985990973,-75.48423971981946,-70.87610953341111,0.07233243390402957,2,False,True,beta,
acn_caltech,rare_inconsistent,soc_arrival,74,uniform01,0,0.0,0.0,0.0,0.33378252886085313,3,False,True,beta,null model
acn_caltech,regular_charger,arrival_hour,5348,truncnorm,2,-13053.043635072036,26110.08727014407,26123.256226020516,0.1354007329079039,3,False,True,truncnorm_mixture,
acn_caltech,regular_charger,arrival_hour,5348,truncnorm_mix2,5,-12357.504827037468,24725.009654074936,24757.932043766046,0.027692963089647304,1,False,True,truncnorm_mixture,shipped form (fitter gates it at KS margin 0.02)
acn_caltech,regular_charger,arrival_hour,5348,gmm2_free,5,-12374.541232733187,24759.082465466374,24792.004855157484,0.027364968295483072,2,True,False,truncnorm_mixture,"untruncated; mass outside [4,22]h = 0.0032"
acn_caltech,regular_charger,arrival_hour,5348,kde,,-12143.245183670955,,,0.035652604468819044,,False,False,truncnorm_mixture,scored only (4001-pt grid); no closed-form PPF
acn_caltech,regular_charger,dwell_hours,5361,weibull,2,-14336.690398494015,28677.38079698803,28690.554608595685,0.08899602852914901,3,True,True,weibull,
acn_caltech,regular_charger,dwell_hours,5361,lognorm,2,-14620.854113885027,29245.708227770054,29258.88203937771,0.13637648094966393,4,False,True,weibull,
acn_caltech,regular_charger,dwell_hours,5361,gamma,2,-14283.648874222488,28571.297748444977,28584.471560052632,0.10051133350358993,2,False,True,weibull,
acn_caltech,regular_charger,dwell_hours,5361,expon,1,-15327.949296228753,30657.898592457506,30664.485498261332,0.18392871494302404,5,False,True,weibull,
acn_caltech,regular_charger,dwell_hours,5361,weibull_mix2,5,-13991.155836294845,27992.31167258969,28025.24620160883,0.09267695596633319,1,False,True,weibull,shipped form (fitter gates it at KS margin 0.02)
acn_caltech,regular_charger,soc_arrival,5361,beta,2,2509.588598115127,-5015.177196230254,-5002.003384622599,0.036050345167321196,2,False,True,beta,
acn_caltech,regular_charger,soc_arrival,5361,truncnorm01,2,2571.0682108895053,-5138.136421779011,-5124.962610171356,0.008531609390042827,1,True,True,beta,
acn_caltech,regular_charger,soc_arrival,5361,uniform01,0,0.0,0.0,0.0,0.3054620599815423,3,False,True,beta,null model
acn_jpl,occasional_consistent,arrival_hour,11687,truncnorm,2,-29812.105532534173,59628.211065068346,59642.943529852215,0.18343507757728617,3,False,True,truncnorm_mixture,
acn_jpl,occasional_consistent,arrival_hour,11687,truncnorm_mix2,5,-25292.31712798562,50594.63425597124,50631.46541793091,0.023674144619200144,1,True,True,truncnorm_mixture,shipped form (fitter gates it at KS margin 0.02)
acn_jpl,occasional_consistent,arrival_hour,11687,gmm2_free,5,-25304.34464227194,50618.68928454388,50655.52044650354,0.023996788998500773,2,False,False,truncnorm_mixture,"untruncated; mass outside [4,22]h = 0.0010"
acn_jpl,occasional_consistent,arrival_hour,11687,kde,,-25334.59534057472,,,0.053749102598925236,,False,False,truncnorm_mixture,scored only (4001-pt grid); no closed-form PPF
acn_jpl,occasional_consistent,dwell_hours,11702,weibull,2,-30660.583356541858,61325.166713083716,61339.901743176415,0.12330992580175049,1,False,True,weibull_mixture,
acn_jpl,occasional_consistent,dwell_hours,11702,lognorm,2,-31807.410599213443,63618.821198426886,63633.556228519585,0.15209291394722646,4,False,True,weibull_mixture,
acn_jpl,occasional_consistent,dwell_hours,11702,gamma,2,-30849.851231391604,61703.70246278321,61718.437492875906,0.14200708171306275,2,False,True,weibull_mixture,
acn_jpl,occasional_consistent,dwell_hours,11702,expon,1,-34133.49380329752,68268.98760659504,68276.35512164139,0.19925631858449147,5,False,True,weibull_mixture,
acn_jpl,occasional_consistent,dwell_hours,11702,weibull_mix2,5,-31138.949477347756,62287.89895469551,62324.73652992726,0.10044592695591859,3,True,True,weibull_mixture,shipped form (fitter gates it at KS margin 0.02)
acn_jpl,occasional_consistent,soc_arrival,11702,beta,2,5420.315329631926,-10836.630659263852,-10821.895629171157,0.03185510671619979,2,False,True,beta,
acn_jpl,occasional_consistent,soc_arrival,11702,truncnorm01,2,5549.7052192556175,-11095.410438511235,-11080.67540841854,0.007168774976159418,1,True,True,beta,
acn_jpl,occasional_consistent,soc_arrival,11702,uniform01,0,0.0,0.0,0.0,0.30549140649955275,3,False,True,beta,null model
acn_jpl,rare_consistent,arrival_hour,2449,truncnorm,2,-6422.547328484205,12849.09465696841,12860.701527082314,0.11214496612637281,3,False,True,truncnorm_mixture,
acn_jpl,rare_consistent,arrival_hour,2449,truncnorm_mix2,5,-5996.287052943491,12002.574105886983,12031.591281171743,0.020714367106960674,1,False,True,truncnorm_mixture,shipped form (fitter gates it at KS margin 0.02)
acn_jpl,rare_consistent,arrival_hour,2449,gmm2_free,5,-5999.964299858021,12009.928599716042,12038.945775000802,0.020039500334781246,2,True,False,truncnorm_mixture,"untruncated; mass outside [4,22]h = 0.0015"
acn_jpl,rare_consistent,arrival_hour,2449,kde,,-6013.084007119916,,,0.040367769359132194,,False,False,truncnorm_mixture,scored only (4001-pt grid); no closed-form PPF
acn_jpl,rare_consistent,dwell_hours,2454,weibull,2,-6351.210968399846,12706.421936799692,12718.032886050234,0.06383621852349297,2,True,True,weibull,
acn_jpl,rare_consistent,dwell_hours,2454,lognorm,2,-6400.026199915955,12804.05239983191,12815.663349082452,0.09740111338577173,3,False,True,weibull,
acn_jpl,rare_consistent,dwell_hours,2454,gamma,2,-6301.934850486246,12607.869700972493,12619.480650223035,0.08367181007902846,1,False,True,weibull,
acn_jpl,rare_consistent,dwell_hours,2454,expon,1,-6815.819864462932,13633.639728925864,13639.445203551135,0.1710615380538794,5,False,True,weibull,
acn_jpl,rare_consistent,dwell_hours,2454,weibull_mix2,5,-6495.731054922528,13001.462109845055,13030.48948297141,0.10155567993274811,4,False,True,weibull,shipped form (fitter gates it at KS margin 0.02)
acn_jpl,rare_consistent,soc_arrival,2454,beta,2,1146.9187753137435,-2289.837550627487,-2278.2266013769454,0.02826079809330434,2,False,True,beta,
acn_jpl,rare_consistent,soc_arrival,2454,truncnorm01,2,1165.0268942241273,-2326.0537884482546,-2314.442839197713,0.01668349087280452,1,True,True,beta,
acn_jpl,rare_consistent,soc_arrival,2454,uniform01,0,0.0,0.0,0.0,0.3038791310915667,3,False,True,beta,null model
acn_jpl,regular_charger,arrival_hour,12961,truncnorm,2,-32567.787439707572,65139.574879415144,65154.51427966999,0.1666686087889726,3,False,True,truncnorm_mixture,
acn_jpl,regular_charger,arrival_hour,12961,truncnorm_mix2,5,-28530.199539888003,57070.399079776005,57107.747580413125,0.01880218725608329,1,True,True,truncnorm_mixture,shipped form (fitter gates it at KS margin 0.02)
acn_jpl,regular_charger,arrival_hour,12961,gmm2_free,5,-28565.596540445953,57141.193080891906,57178.541581529025,0.020132867754932837,2,False,False,truncnorm_mixture,"untruncated; mass outside [4,22]h = 0.0027"
acn_jpl,regular_charger,arrival_hour,12961,kde,,-28473.561296538435,,,0.041296615108919354,,False,False,truncnorm_mixture,scored only (4001-pt grid); no closed-form PPF
acn_jpl,regular_charger,dwell_hours,13168,weibull,2,-34435.770555916824,68875.54111183365,68890.51220167948,0.1476590011154435,2,False,True,weibull,
acn_jpl,regular_charger,dwell_hours,13168,lognorm,2,-36324.23773357272,72652.47546714544,72667.44655699127,0.17788675393910758,4,False,True,weibull,
acn_jpl,regular_charger,dwell_hours,13168,gamma,2,-35051.39046578641,70106.78093157282,70121.75202141865,0.1651135752879117,3,False,True,weibull,
acn_jpl,regular_charger,dwell_hours,13168,expon,1,-39143.95513827647,78289.91027655294,78297.39582147586,0.2097482294299463,5,False,True,weibull,
acn_jpl,regular_charger,dwell_hours,13168,weibull_mix2,5,-31653.511483443865,63317.02296688773,63354.450691502316,0.040783951437746824,1,True,True,weibull,shipped form (fitter gates it at KS margin 0.02)
acn_jpl,regular_charger,soc_arrival,13168,beta,2,6381.3466168221,-12758.6932336442,-12743.722143798366,0.03346048311027172,2,False,True,beta,
acn_jpl,regular_charger,soc_arrival,13168,truncnorm01,2,6558.590569291304,-13113.181138582608,-13098.210048736773,0.008616392086600255,1,True,True,beta,
acn_jpl,regular_charger,soc_arrival,13168,uniform01,0,0.0,0.0,0.0,0.3094353249039258,3,False,True,beta,null model
acn_office001,occasional_consistent,arrival_hour,186,truncnorm,2,-472.4602292909474,948.9204585818948,955.3719519293212,0.13496465746254405,3,False,True,truncnorm_mixture,
acn_office001,occasional_consistent,arrival_hour,186,truncnorm_mix2,5,-432.8456048533812,875.6912097067624,891.8199430753284,0.07179916475799042,1,False,True,truncnorm_mixture,shipped form (fitter gates it at KS margin 0.02)
acn_office001,occasional_consistent,arrival_hour,186,gmm2_free,5,-432.84605479491785,875.6921095898357,891.8208429584017,0.07179813341488372,2,False,False,truncnorm_mixture,"untruncated; mass outside [4,22]h = 0.0000"
acn_office001,occasional_consistent,arrival_hour,186,kde,,-437.4201210841268,,,0.07157544503285251,,True,False,truncnorm_mixture,scored only (4001-pt grid); no closed-form PPF
acn_office001,occasional_consistent,dwell_hours,187,weibull,2,-600.798760691307,1205.597521382614,1212.0597386163233,0.20998719379059505,4,False,True,weibull,
acn_office001,occasional_consistent,dwell_hours,187,lognorm,2,-571.0434070981506,1146.0868141963012,1152.5490314300105,0.14336688748130022,2,False,True,weibull,
acn_office001,occasional_consistent,dwell_hours,187,gamma,2,-592.8987707169902,1189.7975414339803,1196.2597586676895,0.20016564096533307,3,False,True,weibull,
acn_office001,occasional_consistent,dwell_hours,187,expon,1,-604.9140118312263,1211.8280236624526,1215.059132279307,0.19563965892860913,5,False,True,weibull,
acn_office001,occasional_consistent,dwell_hours,187,weibull_mix2,5,-541.9653259179777,1093.9306518359554,1110.0861949202283,0.05262582962430684,1,True,True,weibull,shipped form (fitter gates it at KS margin 0.02)
acn_office001,occasional_consistent,soc_arrival,187,beta,2,89.7495431116593,-175.4990862233186,-169.03686898960945,0.05080933372328722,2,True,True,beta,
acn_office001,occasional_consistent,soc_arrival,187,truncnorm01,2,90.2837750859247,-176.5675501718494,-170.10533293814024,0.060013437684754756,1,False,True,beta,
acn_office001,occasional_consistent,soc_arrival,187,uniform01,0,0.0,0.0,0.0,0.30685962910650044,3,False,True,beta,null model
acn_office001,regular_charger,arrival_hour,346,truncnorm,2,-657.8817266132645,1319.763453226529,1327.4563307766446,0.10307068731439473,3,False,True,truncnorm_mixture,
acn_office001,regular_charger,arrival_hour,346,truncnorm_mix2,5,-623.2988475716584,1256.5976951433167,1275.8298890186054,0.03512145614829143,1,False,True,truncnorm_mixture,shipped form (fitter gates it at KS margin 0.02)
acn_office001,regular_charger,arrival_hour,346,gmm2_free,5,-623.3015432065522,1256.6030864131044,1275.835280288393,0.035114650847511863,2,True,False,truncnorm_mixture,"untruncated; mass outside [4,22]h = 0.0000"
acn_office001,regular_charger,arrival_hour,346,kde,,-624.0648579561954,,,0.05249857004526623,,False,False,truncnorm_mixture,scored only (4001-pt grid); no closed-form PPF
acn_office001,regular_charger,dwell_hours,346,weibull,2,-861.114670452848,1726.229340905696,1733.9222184558116,0.16476506697314997,4,False,True,weibull,
acn_office001,regular_charger,dwell_hours,346,lognorm,2,-853.5245790820694,1711.0491581641388,1718.7420357142544,0.14369313690062746,3,False,True,weibull,
acn_office001,regular_charger,dwell_hours,346,gamma,2,-829.7970397921225,1663.594079584245,1671.2869571343606,0.12862081235111555,2,False,True,weibull,
acn_office001,regular_charger,dwell_hours,346,expon,1,-1029.203944450593,2060.407888901186,2064.254327676244,0.35199723367918745,5,False,True,weibull,
acn_office001,regular_charger,dwell_hours,346,weibull_mix2,5,-755.7346141794636,1521.4692283589272,1540.701422234216,0.08374277694054677,1,True,True,weibull,shipped form (fitter gates it at KS margin 0.02)
acn_office001,regular_charger,soc_arrival,346,beta,2,164.73169990228834,-325.4633998045767,-317.77052225446124,0.06623452053292214,2,False,True,beta,
acn_office001,regular_charger,soc_arrival,346,truncnorm01,2,174.08713882785665,-344.1742776557133,-336.48140010559786,0.03398860183993446,1,True,True,beta,
acn_office001,regular_charger,soc_arrival,346,uniform01,0,0.0,0.0,0.0,0.316378716149064,3,False,True,beta,null model
elaadnl,occasional_consistent,arrival_hour,5660,truncnorm,2,-12016.07095314089,24036.14190628178,24049.424264624176,0.15544130431787784,3,False,True,truncnorm_mixture,
elaadnl,occasional_consistent,arrival_hour,5660,truncnorm_mix2,5,-10856.076110973596,21722.15222194719,21755.358117803178,0.016149432848429957,1,True,True,truncnorm_mixture,shipped form (fitter gates it at KS margin 0.02)
elaadnl,occasional_consistent,arrival_hour,5660,gmm2_free,5,-10856.084815144142,21722.169630288285,21755.37552614427,0.016150857004679886,2,False,False,truncnorm_mixture,"untruncated; mass outside [4,22]h = 0.0000"
elaadnl,occasional_consistent,arrival_hour,5660,kde,,-10828.554943032112,,,0.019288333056948714,,False,False,truncnorm_mixture,scored only (4001-pt grid); no closed-form PPF
elaadnl,occasional_consistent,dwell_hours,5660,weibull,2,-13236.915003169426,26477.830006338852,26491.11236468125,0.07612330057012406,2,False,True,weibull,
elaadnl,occasional_consistent,dwell_hours,5660,lognorm,2,-13959.02522416179,27922.05044832358,27935.332806665978,0.10849766455607568,4,False,True,weibull,
elaadnl,occasional_consistent,dwell_hours,5660,gamma,2,-13529.670606002801,27063.341212005602,27076.623570347998,0.09395464927544162,3,False,True,weibull,
elaadnl,occasional_consistent,dwell_hours,5660,expon,1,-15497.494970666101,30996.989941332202,31003.6311205034,0.22939313787376073,5,False,True,weibull,
elaadnl,occasional_consistent,dwell_hours,5660,weibull_mix2,5,-12976.600991789368,25963.201983578736,25996.407879434722,0.03559046007890132,1,True,True,weibull,shipped form (fitter gates it at KS margin 0.02)
elaadnl,occasional_consistent,soc_arrival,5660,beta,2,2645.91691468261,-5287.83382936522,-5274.551471022825,0.03323631216128359,2,False,True,beta,
elaadnl,occasional_consistent,soc_arrival,5660,truncnorm01,2,2704.877684639714,-5405.755369279428,-5392.473010937034,0.010320578189747187,1,True,True,beta,
elaadnl,occasional_consistent,soc_arrival,5660,uniform01,0,0.0,0.0,0.0,0.3053242577289551,3,False,True,beta,null model
elaadnl,regular_commuter,arrival_hour,32549,truncnorm,2,-63669.267350667986,127342.53470133597,127359.31570518637,0.16572743630115072,3,False,True,truncnorm_mixture,
elaadnl,regular_commuter,arrival_hour,32549,truncnorm_mix2,5,-56063.80632055403,112137.61264110806,112179.56515073405,0.036293161175671496,1,False,True,truncnorm_mixture,shipped form (fitter gates it at KS margin 0.02)
elaadnl,regular_commuter,arrival_hour,32549,gmm2_free,5,-56063.8291297586,112137.6582595172,112179.61076914318,0.036293711295995845,2,False,False,truncnorm_mixture,"untruncated; mass outside [4,22]h = 0.0000"
elaadnl,regular_commuter,arrival_hour,32549,kde,,-55291.98424804359,,,0.012564440699231239,,True,False,truncnorm_mixture,scored only (4001-pt grid); no closed-form PPF
elaadnl,regular_commuter,dwell_hours,32549,weibull,2,-76104.04686024674,152212.0937204935,152228.87472434388,0.10437274507189442,2,False,True,weibull,
elaadnl,regular_commuter,dwell_hours,32549,lognorm,2,-83006.58816750399,166017.17633500797,166033.95733885837,0.15818478687191745,4,False,True,weibull,
elaadnl,regular_commuter,dwell_hours,32549,gamma,2,-79625.32082800972,159254.64165601943,159271.42265986983,0.13972830960200605,3,False,True,weibull,
elaadnl,regular_commuter,dwell_hours,32549,expon,1,-96079.70853641219,192161.41707282438,192169.80757474957,0.27920718681634227,5,False,True,weibull,
elaadnl,regular_commuter,dwell_hours,32549,weibull_mix2,5,-74083.79744381642,148177.59488763285,148219.54739725884,0.03540200848122532,1,True,True,weibull,shipped form (fitter gates it at KS margin 0.02)
elaadnl,regular_commuter,soc_arrival,32549,beta,2,15402.38831581822,-30800.77663163644,-30783.995627786044,0.0327815835318504,2,False,True,beta,
elaadnl,regular_commuter,soc_arrival,32549,truncnorm01,2,15849.351240335009,-31694.702480670017,-31677.92147681962,0.006532773010164005,1,True,True,beta,
elaadnl,regular_commuter,soc_arrival,32549,uniform01,0,0.0,0.0,0.0,0.30809507056819196,3,False,True,beta,null model
elaadnl,weekly_consistent,arrival_hour,13623,truncnorm,2,-27479.229538168263,54962.45907633653,54977.49810597606,0.1585073619114148,3,False,True,truncnorm_mixture,
elaadnl,weekly_consistent,arrival_hour,13623,truncnorm_mix2,5,-24276.426086096504,48562.85217219301,48600.44974629184,0.022060811056745955,1,False,True,truncnorm_mixture,shipped form (fitter gates it at KS margin 0.02)
elaadnl,weekly_consistent,arrival_hour,13623,gmm2_free,5,-24276.4933015834,48562.9866031668,48600.58417726563,0.02206543226513863,2,False,False,truncnorm_mixture,"untruncated; mass outside [4,22]h = 0.0000"
elaadnl,weekly_consistent,arrival_hour,13623,kde,,-24130.897093029223,,,0.013313873221067474,,True,False,truncnorm_mixture,scored only (4001-pt grid); no closed-form PPF
elaadnl,weekly_consistent,dwell_hours,13623,weibull,2,-31655.503141073896,63315.00628214779,63330.045311787326,0.09735275321941417,2,False,True,weibull,
elaadnl,weekly_consistent,dwell_hours,13623,lognorm,2,-34153.43265859838,68310.86531719676,68325.9043468363,0.1399146134297402,4,False,True,weibull,
elaadnl,weekly_consistent,dwell_hours,13623,gamma,2,-32869.0173843609,65742.0347687218,65757.07379836134,0.12416448672135627,3,False,True,weibull,
elaadnl,weekly_consistent,dwell_hours,13623,expon,1,-38928.108648426,77858.217296852,77865.73681167177,0.26015774354851884,5,False,True,weibull,
elaadnl,weekly_consistent,dwell_hours,13623,weibull_mix2,5,-30701.065657144958,61412.131314289916,61449.728888388745,0.033449593808695666,1,True,True,weibull,shipped form (fitter gates it at KS margin 0.02)
elaadnl,weekly_consistent,soc_arrival,13623,beta,2,6414.672853404118,-12825.345706808235,-12810.306677168703,0.03135019560999347,2,False,True,beta,
elaadnl,weekly_consistent,soc_arrival,13623,truncnorm01,2,6552.565176328128,-13101.130352656255,-13086.091323016723,0.00701664324072693,1,True,True,beta,
elaadnl,weekly_consistent,soc_arrival,13623,uniform01,0,0.0,0.0,0.0,0.308998029217871,3,False,True,beta,null model
evwatts,erratic,arrival_hour,1226,truncnorm,2,-3659.910689484077,7323.821378968154,7334.044403201146,0.1148005338528387,3,False,True,truncnorm_mixture,
evwatts,erratic,arrival_hour,1226,truncnorm_mix2,5,-3582.6543548446284,7175.308709689257,7200.866270271737,0.09600881441323406,1,False,True,truncnorm_mixture,shipped form (fitter gates it at KS margin 0.02)
evwatts,erratic,arrival_hour,1226,gmm2_free,5,-3651.8804733180277,7313.760946636055,7339.318507218536,0.06671899521093172,2,False,False,truncnorm_mixture,"untruncated; mass outside [4,22]h = 0.0549"
evwatts,erratic,arrival_hour,1226,kde,,-3606.996607085168,,,0.048617814299648995,,True,False,truncnorm_mixture,scored only (4001-pt grid); no closed-form PPF
evwatts,erratic,dwell_hours,2031,weibull,2,-6321.790394681649,12647.580789363297,12658.813356486458,0.05322331726076468,4,True,True,weibull,
evwatts,erratic,dwell_hours,2031,lognorm,2,-6252.594154897537,12509.188309795074,12520.420876918235,0.07356542490739992,1,False,True,weibull,
evwatts,erratic,dwell_hours,2031,gamma,2,-6298.460459651223,12600.920919302445,12612.153486425606,0.07254657987087285,3,False,True,weibull,
evwatts,erratic,dwell_hours,2031,expon,1,-6345.395341080777,12692.790682161554,12698.406965723134,0.07991543445875811,5,False,True,weibull,
evwatts,erratic,dwell_hours,2031,weibull_mix2,5,-6252.259628785641,12514.519257571283,12542.600675379184,0.08815920085372742,2,False,True,weibull,shipped form (fitter gates it at KS margin 0.02)
evwatts,erratic,soc_arrival,2031,beta,2,972.4545730606486,-1940.9091461212972,-1929.6765789981364,0.03603959900537873,2,False,True,beta,
evwatts,erratic,soc_arrival,2031,truncnorm01,2,999.6794585768313,-1995.3589171536626,-1984.1263500305017,0.011717039567176568,1,True,True,beta,
evwatts,erratic,soc_arrival,2031,uniform01,0,0.0,0.0,0.0,0.31321247131514496,3,False,True,beta,null model
evwatts,occasional_consistent,arrival_hour,149428,truncnorm,2,-403449.0040686283,806902.0081372566,806921.8372771575,0.09844181716115047,3,False,True,truncnorm_mixture,
evwatts,occasional_consistent,arrival_hour,149428,truncnorm_mix2,5,-384933.5032598323,769877.0065196645,769926.5793694168,0.029288546669237525,1,False,True,truncnorm_mixture,shipped form (fitter gates it at KS margin 0.02)
evwatts,occasional_consistent,arrival_hour,149428,gmm2_free,5,-385969.717493516,771949.434987032,771999.0078367842,0.030355458187405815,2,False,False,truncnorm_mixture,"untruncated; mass outside [4,22]h = 0.0069"
evwatts,occasional_consistent,arrival_hour,149428,kde,,-382752.6554266228,,,0.008002942989608741,,True,False,truncnorm_mixture,scored only (4001-pt grid); no closed-form PPF
evwatts,occasional_consistent,dwell_hours,152380,weibull,2,-448372.4262479773,896748.8524959546,896768.7207613146,0.12187477942541247,3,False,True,weibull,
evwatts,occasional_consistent,dwell_hours,152380,lognorm,2,-419103.5528596594,838211.1057193188,838230.9739846789,0.05525924382717917,2,False,True,weibull,
evwatts,occasional_consistent,dwell_hours,152380,gamma,2,-450937.9719944779,901879.9439889558,901899.8122543158,0.13379398099362871,4,False,True,weibull,
evwatts,occasional_consistent,dwell_hours,152380,expon,1,-450943.35375222866,901888.7075044573,901898.6416371374,0.13378485119685612,5,False,True,weibull,
evwatts,occasional_consistent,dwell_hours,152380,weibull_mix2,5,-416951.4844645621,833912.9689291242,833962.6395925243,0.049422102359570785,1,True,True,weibull,shipped form (fitter gates it at KS margin 0.02)
evwatts,occasional_consistent,soc_arrival,152380,beta,2,73096.3378646253,-146188.6757292506,-146168.80746389055,0.031164908404212655,2,False,True,beta,
evwatts,occasional_consistent,soc_arrival,152380,truncnorm01,2,75005.24943216659,-150006.49886433317,-149986.63059897313,0.006390637668707933,1,True,True,beta,
evwatts,occasional_consistent,soc_arrival,152380,uniform01,0,0.0,0.0,0.0,0.3098300527714184,3,False,True,beta,null model
evwatts,rare_consistent,arrival_hour,19840,truncnorm,2,-54898.21020489221,109800.42040978442,109816.21132054609,0.07656519008342072,3,False,True,truncnorm_mixture,
evwatts,rare_consistent,arrival_hour,19840,truncnorm_mix2,5,-53269.216520264104,106548.43304052821,106587.9103174324,0.030776731676207425,1,False,True,truncnorm_mixture,shipped form (fitter gates it at KS margin 0.02)
evwatts,rare_consistent,arrival_hour,19840,gmm2_free,5,-53514.495582882664,107038.99116576533,107078.46844266952,0.026067945127112746,2,False,False,truncnorm_mixture,"untruncated; mass outside [4,22]h = 0.0122"
evwatts,rare_consistent,arrival_hour,19840,kde,,-53099.52610318714,,,0.011361950557764344,,True,False,truncnorm_mixture,scored only (4001-pt grid); no closed-form PPF
evwatts,rare_consistent,dwell_hours,20482,weibull,2,-57584.95154675882,115173.90309351764,115189.75769697891,0.11644791746485837,3,False,True,weibull,
evwatts,rare_consistent,dwell_hours,20482,lognorm,2,-54046.12923944929,108096.25847889858,108112.11308235985,0.03013899954830534,1,True,True,weibull,
evwatts,rare_consistent,dwell_hours,20482,gamma,2,-58140.73822888027,116285.47645776054,116301.3310612218,0.11834623943292222,4,False,True,weibull,
evwatts,rare_consistent,dwell_hours,20482,expon,1,-58187.16204794002,116376.32409588005,116384.25139761069,0.1281858942319939,5,False,True,weibull,
evwatts,rare_consistent,dwell_hours,20482,weibull_mix2,5,-54782.290611379765,109574.58122275953,109614.2177314127,0.04893115470251408,2,False,True,weibull,shipped form (fitter gates it at KS margin 0.02)
evwatts,rare_consistent,soc_arrival,20482,beta,2,9574.357334830383,-19144.714669660767,-19128.860066199497,0.031531912908832616,2,False,True,beta,
evwatts,rare_consistent,soc_arrival,20482,truncnorm01,2,9830.1395975975,-19656.279195195,-19640.42459173373,0.006646458601626925,1,True,True,beta,
evwatts,rare_consistent,soc_arrival,20482,uniform01,0,0.0,0.0,0.0,0.3059395965606865,3,False,True,beta,null model
evwatts,rare_inconsistent,arrival_hour,363,truncnorm,2,-1056.0758725964333,2116.1517451928667,2123.9405508613963,0.14868848147515673,3,False,True,truncnorm_mixture,
evwatts,rare_inconsistent,arrival_hour,363,truncnorm_mix2,5,-1019.1803529759776,2048.3607059519554,2067.8327201232796,0.0745778231776224,1,False,True,truncnorm_mixture,shipped form (fitter gates it at KS margin 0.02)
evwatts,rare_inconsistent,arrival_hour,363,gmm2_free,5,-1031.9708682659111,2073.9417365318222,2093.4137507031464,0.0529542073608259,2,True,False,truncnorm_mixture,"untruncated; mass outside [4,22]h = 0.0343"
evwatts,rare_inconsistent,arrival_hour,363,kde,,-1035.4416042020298,,,0.06959216700000345,,False,False,truncnorm_mixture,scored only (4001-pt grid); no closed-form PPF
evwatts,rare_inconsistent,dwell_hours,467,weibull,2,-1333.3386935830022,2670.6773871660043,2678.970045681342,0.08941091834428294,2,False,True,weibull,
evwatts,rare_inconsistent,dwell_hours,467,lognorm,2,-1319.8863351464665,2643.772670292933,2652.065328808271,0.09203408547924641,1,False,True,weibull,
evwatts,rare_inconsistent,dwell_hours,467,gamma,2,-1334.5827930635398,2673.1655861270797,2681.4582446424174,0.08439834251319883,4,True,True,weibull,
evwatts,rare_inconsistent,dwell_hours,467,expon,1,-1334.904384456357,2671.808768912714,2675.9550981703833,0.09449343005734506,3,False,True,weibull,
evwatts,rare_inconsistent,dwell_hours,467,weibull_mix2,5,-1338.9690392766634,2687.9380785533267,2708.6697248416713,0.09839258516243482,5,False,True,weibull,shipped form (fitter gates it at KS margin 0.02)
evwatts,rare_inconsistent,soc_arrival,467,beta,2,221.13690128482597,-438.27380256965193,-429.98114405431414,0.03586043616934781,2,False,True,beta,
evwatts,rare_inconsistent,soc_arrival,467,truncnorm01,2,228.66895173396588,-453.33790346793177,-445.045244952594,0.02182045714297287,1,True,True,beta,
evwatts,rare_inconsistent,soc_arrival,467,uniform01,0,0.0,0.0,0.0,0.32187186188952277,3,False,True,beta,null model
evwatts,regular_charger,arrival_hour,1049867,truncnorm,2,-2894107.113220811,5788218.226441622,5788241.954789717,0.09474009775455033,3,False,True,truncnorm_mixture,
evwatts,regular_charger,arrival_hour,1049867,truncnorm_mix2,5,-2781326.873550844,5562663.747101688,5562723.067971925,0.024204414396181484,1,False,True,truncnorm_mixture,shipped form (fitter gates it at KS margin 0.02)
evwatts,regular_charger,arrival_hour,1049867,gmm2_free,5,-2791516.3433522074,5583042.686704415,5583102.007574652,0.026447988436575365,2,False,False,truncnorm_mixture,"untruncated; mass outside [4,22]h = 0.0096"
evwatts,regular_charger,arrival_hour,1049867,kde,,-2762906.6598281143,,,0.004673926822675589,,True,False,truncnorm_mixture,scored only (4001-pt grid); no closed-form PPF
evwatts,regular_charger,dwell_hours,1084348,weibull,2,-2930517.268403164,5861038.536806328,5861062.329785214,0.05836718188922586,4,False,True,weibull,
evwatts,regular_charger,dwell_hours,1084348,lognorm,2,-2818388.551469541,5636781.102939082,5636804.895917968,0.03618867046129137,1,True,True,weibull,
evwatts,regular_charger,dwell_hours,1084348,gamma,2,-2892049.557274957,5784103.114549914,5784126.9075288,0.05700182117879693,3,False,True,weibull,
evwatts,regular_charger,dwell_hours,1084348,expon,1,-2950657.605130615,5901317.21026123,5901329.106750673,0.10231728333143303,5,False,True,weibull,
evwatts,regular_charger,dwell_hours,1084348,weibull_mix2,5,-2824079.1292794445,5648168.258558889,5648227.741006102,0.04948354857333315,2,False,True,weibull,shipped form (fitter gates it at KS margin 0.02)
evwatts,regular_charger,soc_arrival,1084348,beta,2,518445.9490467849,-1036887.8980935698,-1036864.1051146844,0.029983135241464065,2,False,True,beta,
evwatts,regular_charger,soc_arrival,1084348,truncnorm01,2,532144.2354429639,-1064284.4708859278,-1064260.6779070424,0.006432783015005153,1,True,True,beta,
evwatts,regular_charger,soc_arrival,1084348,uniform01,0,0.0,0.0,0.0,0.3092416835237881,3,False,True,beta,null model
